{
  "name": "angularLocalStorage",
  "version": "0.3.2",
  "main": "dist/angularLocalStorage.min.js",
  "ignore": [
    "**/.*",
    "node_modules",
    "components",
    "test",
    "karma.conf.js",
    "bower_components",
    "tests"
  ],
  "dependencies": {
    "angular": "~1.4.7",
    "angular-cookies": "~1.4.7"
  },
  "devDependencies": {
    "angular-mocks": "~1.4.7"
  },
  "homepage": "https://github.com/agrublev/Angular-localStorage",
  "authors": [
    "agrublev <agrublev@gmail.com>",
    "CamaroSS <camaro396@yandex.ru>"
  ],
  "description": "angular local storage module",
  "keywords": [
    "angular",
    "localStorage"
  ],
  "license": "MIT",
  "_release": "0.3.2",
  "_resolution": {
    "type": "version",
    "tag": "0.3.2",
    "commit": "bc19e281d84de2b52f50d3639401ecf4f4a1d3f1"
  },
  "_source": "https://github.com/agrublev/ngStorage.git",
  "_target": "^0.3.2",
  "_originalSource": "ngStorage",
  "_direct": true
}