{
  "name": "angular-cookies",
  "version": "1.4.12",
  "license": "MIT",
  "main": "./angular-cookies.js",
  "ignore": [],
  "dependencies": {
    "angular": "1.4.12"
  },
  "homepage": "https://github.com/angular/bower-angular-cookies",
  "_release": "1.4.12",
  "_resolution": {
    "type": "version",
    "tag": "v1.4.12",
    "commit": "507de433a8932235037d91d4a68bb63554ba42c6"
  },
  "_source": "https://github.com/angular/bower-angular-cookies.git",
  "_target": "~1.4.7",
  "_originalSource": "angular-cookies"
}